r_prime,span,U_R_1,s0_re
0.15344596184490605,0.0,401.72058871248043,1.1885233476091848
0.15350149799917792,0.001001001001001001,401.86598202437136,1.1885233476091848
0.1535570341534498,0.002002002002002002,402.01137533626235,1.1885233476091848
0.15361257030772166,0.003003003003003003,402.1567686481533,1.1885233476091848
0.15366810646199353,0.004004004004004004,402.3021619600442,1.1885233476091848
0.1537236426162654,0.005005005005005005,402.44755527193513,1.1885233476091848
0.15377917877053726,0.006006006006006006,402.5929485838261,1.1885233476091848
0.15383471492480913,0.007007007007007007,402.73834189571704,1.1885233476091848
0.153890251079081,0.008008008008008008,402.88373520760797,1.1885233476091848
0.1539457872333529,0.009009009009009009,403.029128519499,1.1885233476091848
0.15400132338762476,0.01001001001001001,403.17452183138994,1.1885233476091848
0.15405685954189663,0.011011011011011011,403.31991514328087,1.1885233476091848
0.1541123956961685,0.012012012012012012,403.4653084551718,1.1885233476091848
0.15416793185044037,0.013013013013013013,403.6107017670628,1.1885233476091848
0.15422346800471223,0.014014014014014014,403.7560950789537,1.1885233476091848
0.1542790041589841,0.015015015015015015,403.90148839084463,1.1885233476091848
0.15433454031325597,0.016016016016016016,404.04688170273556,1.1885233476091848
0.15439007646752784,0.017017017017017015,404.19227501462655,1.1885233476091848
0.1544456126217997,0.018018018018018018,404.3376683265175,1.1885233476091848
0.15450114877607157,0.01901901901901902,404.4830616384084,1.1885233476091848
0.15455668493034344,0.02002002002002002,404.62845495029933,1.1885233476091848
0.1546122210846153,0.02102102102102102,404.7738482621903,1.1885233476091848
0.15466775723888718,0.022022022022022022,404.91924157408124,1.1885233476091848
0.15472329339315904,0.023023023023023025,405.06463488597217,1.1885233476091848
0.1547788295474309,0.024024024024024024,405.2100281978631,1.1885233476091848
0.15483436570170278,0.025025025025025023,405.3554215097541,1.1885233476091848
0.15488990185597465,0.026026026026026026,405.500814821645,1.1885233476091848
0.15494543801024654,0.02702702702702703,405.646208133536,1.1885233476091848
0.1550009741645184,0.028028028028028028,405.791601445427,1.1885233476091848
0.15505651031879028,0.029029029029029027,405.9369947573179,1.1885233476091848
0.15511204647306215,0.03003003003003003,406.08238806920883,1.1885233476091848
0.15516758262733402,0.031031031031031032,406.22778138109976,1.1885233476091848
0.15522311878160588,0.03203203203203203,406.37317469299074,1.1885233476091848
0.15527865493587775,0.03303303303303303,406.5185680048817,1.1885233476091848
0.15533419109014962,0.03403403403403403,406.6639613167726,1.1885233476091848
0.1553897272444215,0.035035035035035036,406.8093546286635,1.1885233476091848
0.15544526339869336,0.036036036036036036,406.9547479405545,1.1885233476091848
0.15550079955296522,0.037037037037037035,407.10014125244544,1.1885233476091848
0.1555563357072371,0.03803803803803804,407.24553456433637,1.1885233476091848
0.15561187186150896,0.03903903903903904,407.3909278762273,1.1885233476091848
0.15566740801578083,0.04004004004004004,407.5363211881183,1.1885233476091848
0.1557229441700527,0.04104104104104104,407.6817145000092,1.1885233476091848
0.15577848032432456,0.04204204204204204,407.82710781190013,1.1885233476091848
0.15583401647859643,0.043043043043043044,407.97250112379106,1.1885233476091848
0.15588955263286833,0.044044044044044044,408.1178944356821,1.1885233476091848
0.1559450887871402,0.04504504504504504,408.26328774757303,1.1885233476091848
0.15600062494141206,0.04604604604604605,408.40868105946396,1.1885233476091848
0.15605616109568393,0.04704704704704705,408.55407437135494,1.1885233476091848
0.1561116972499558,0.04804804804804805,408.69946768324587,1.1885233476091848
0.15616723340422767,0.04904904904904905,408.8448609951368,1.1885233476091848
0.15622276955849954,0.050050050050050046,408.9902543070277,1.1885233476091848
0.1562783057127714,0.05105105105105105,409.1356476189187,1.1885233476091848
0.15633384186704327,0.05205205205205205,409.28104093080964,1.1885233476091848
0.15638937802131514,0.05305305305305305,409.42643424270057,1.1885233476091848
0.156444914175587,0.05405405405405406,409.5718275545915,1.1885233476091848
0.15650045032985888,0.055055055055055056,409.7172208664825,1.1885233476091848
0.15655598648413074,0.056056056056056056,409.8626141783734,1.1885233476091848
0.1566115226384026,0.057057057057057055,410.00800749026433,1.1885233476091848
0.15666705879267448,0.058058058058058054,410.15340080215526,1.1885233476091848
0.15672259494694635,0.05905905905905906,410.29879411404625,1.1885233476091848
0.15677813110121822,0.06006006006006006,410.4441874259372,1.1885233476091848
0.15683366725549008,0.06106106106106106,410.5895807378281,1.1885233476091848
0.15688920340976198,0.062062062062062065,410.73497404971914,1.1885233476091848
0.15694473956403385,0.06306306306306306,410.88036736161007,1.1885233476091848
0.15700027571830572,0.06406406406406406,411.025760673501,1.1885233476091848
0.15705581187257758,0.06506506506506507,411.1711539853919,1.1885233476091848
0.15711134802684945,0.06606606606606606,411.31654729728285,1.1885233476091848
0.15716688418112132,0.06706706706706707,411.46194060917384,1.1885233476091848
0.1572224203353932,0.06806806806806806,411.60733392106476,1.1885233476091848
0.15727795648966506,0.06906906906906907,411.7527272329557,1.1885233476091848
0.15733349264393692,0.07007007007007007,411.8981205448466,1.1885233476091848
0.1573890287982088,0.07107107107107107,412.0435138567376,1.1885233476091848
0.15744456495248066,0.07207207207207207,412.18890716862853,1.1885233476091848
0.15750010110675253,0.07307307307307308,412.33430048051946,1.1885233476091848
0.1575556372610244,0.07407407407407407,412.4796937924104,1.1885233476091848
0.15761117341529626,0.07507507507507508,412.6250871043014,1.1885233476091848
0.15766670956956813,0.07607607607607608,412.7704804161923,1.1885233476091848
0.15772224572384,0.07707707707707707,412.9158737280832,1.1885233476091848
0.15777778187811187,0.07807807807807808,413.06126703997415,1.1885233476091848
0.15783331803238376,0.07907907907907907,413.2066603518652,1.1885233476091848
0.15788885418665563,0.08008008008008008,413.3520536637561,1.1885233476091848
0.1579443903409275,0.08108108108108109,413.49744697564705,1.1885233476091848
0.15799992649519937,0.08208208208208208,413.64284028753804,1.1885233476091848
0.15805546264947123,0.08308308308308308,413.78823359942896,1.1885233476091848
0.1581109988037431,0.08408408408408408,413.9336269113199,1.1885233476091848
0.15816653495801497,0.08508508508508508,414.0790202232108,1.1885233476091848
0.15822207111228684,0.08608608608608609,414.2244135351018,1.1885233476091848
0.1582776072665587,0.08708708708708708,414.36980684699273,1.1885233476091848
0.15833314342083057,0.08808808808808809,414.51520015888366,1.1885233476091848
0.15838867957510244,0.0890890890890891,414.6605934707746,1.1885233476091848
0.1584442157293743,0.09009009009009009,414.80598678266557,1.1885233476091848
0.15849975188364618,0.09109109109109109,414.9513800945565,1.1885233476091848
0.15855528803791805,0.0920920920920921,415.0967734064474,1.1885233476091848
0.15861082419218991,0.09309309309309309,415.24216671833835,1.1885233476091848
0.15866636034646178,0.0940940940940941,415.38756003022934,1.1885233476091848
0.15872189650073365,0.09509509509509509,415.53295334212027,1.1885233476091848
0.15877743265500555,0.0960960960960961,415.67834665401125,1.1885233476091848
0.15883296880927741,0.0970970970970971,415.82373996590223,1.1885233476091848
0.15888850496354928,0.0980980980980981,415.96913327779316,1.1885233476091848
0.15894404111782115,0.0990990990990991,416.1145265896841,1.1885233476091848
0.15899957727209302,0.10010010010010009,416.259919901575,1.1885233476091848
0.15905511342636489,0.1011011011011011,416.405313213466,1.1885233476091848
0.15911064958063675,0.1021021021021021,416.55070652535693,1.1885233476091848
0.15916618573490862,0.1031031031031031,416.69609983724786,1.1885233476091848
0.1592217218891805,0.1041041041041041,416.8414931491388,1.1885233476091848
0.15927725804345236,0.10510510510510511,416.98688646102977,1.1885233476091848
0.15933279419772423,0.1061061061061061,417.1322797729207,1.1885233476091848
0.1593883303519961,0.10710710710710711,417.2776730848116,1.1885233476091848
0.15944386650626796,0.10810810810810811,417.42306639670255,1.1885233476091848
0.15949940266053983,0.1091091091091091,417.56845970859354,1.1885233476091848
0.1595549388148117,0.11011011011011011,417.71385302048446,1.1885233476091848
0.15961047496908357,0.1111111111111111,417.8592463323754,1.1885233476091848
0.15966601112335543,0.11211211211211211,418.0046396442663,1.1885233476091848
0.1597215472776273,0.11311311311311312,418.1500329561573,1.1885233476091848
0.15977708343189917,0.11411411411411411,418.29542626804823,1.1885233476091848
0.15983261958617107,0.11511511511511512,418.4408195799392,1.1885233476091848
0.15988815574044293,0.11611611611611611,418.5862128918302,1.1885233476091848
0.1599436918947148,0.11711711711711711,418.7316062037211,1.1885233476091848
0.15999922804898667,0.11811811811811812,418.87699951561206,1.1885233476091848
0.16005476420325854,0.11911911911911911,419.022392827503,1.1885233476091848
0.1601103003575304,0.12012012012012012,419.16778613939397,1.1885233476091848
0.16016583651180227,0.12112112112112113,419.3131794512849,1.1885233476091848
0.16022137266607414,0.12212212212212212,419.4585727631758,1.1885233476091848
0.160276908820346,0.12312312312312312,419.60396607506675,1.1885233476091848
0.16033244497461788,0.12412412412412413,419.74935938695774,1.1885233476091848
0.16038798112888975,0.12512512512512514,419.89475269884866,1.1885233476091848
0.1604435172831616,0.12612612612612611,420.0401460107396,1.1885233476091848
0.16049905343743348,0.12712712712712712,420.1855393226305,1.1885233476091848
0.16055458959170535,0.12812812812812813,420.33093263452145,1.1885233476091848
0.16061012574597722,0.12912912912912913,420.47632594641243,1.1885233476091848
0.16066566190024908,0.13013013013013014,420.62171925830336,1.1885233476091848
0.16072119805452095,0.13113113113113112,420.7671125701943,1.1885233476091848
0.16077673420879285,0.13213213213213212,420.9125058820853,1.1885233476091848
0.16083227036306472,0.13313313313313313,421.05789919397625,1.1885233476091848
0.16088780651733658,0.13413413413413414,421.2032925058672,1.1885233476091848
0.16094334267160845,0.13513513513513514,421.3486858177581,1.1885233476091848
0.16099887882588032,0.13613613613613612,421.4940791296491,1.1885233476091848
0.1610544149801522,0.13713713713713713,421.63947244154,1.1885233476091848
0.16110995113442406,0.13813813813813813,421.78486575343095,1.1885233476091848
0.16116548728869592,0.13913913913913914,421.9302590653219,1.1885233476091848
0.1612210234429678,0.14014014014014015,422.07565237721286,1.1885233476091848
0.16127655959723966,0.14114114114114115,422.2210456891038,1.1885233476091848
0.16133209575151153,0.14214214214214213,422.3664390009947,1.1885233476091848
0.1613876319057834,0.14314314314314314,422.51183231288564,1.1885233476091848
0.16144316806005526,0.14414414414414414,422.65722562477663,1.1885233476091848
0.16149870421432713,0.14514514514514515,422.80261893666756,1.1885233476091848
0.161554240368599,0.14614614614614616,422.9480122485585,1.1885233476091848
0.16160977652287087,0.14714714714714713,423.0934055604494,1.1885233476091848
0.16166531267714274,0.14814814814814814,423.2387988723404,1.1885233476091848
0.16172084883141463,0.14914914914914915,423.3841921842314,1.1885233476091848
0.1617763849856865,0.15015015015015015,423.5295854961223,1.1885233476091848
0.16183192113995837,0.15115115115115116,423.6749788080133,1.1885233476091848
0.16188745729423024,0.15215215215215216,423.8203721199042,1.1885233476091848
0.1619429934485021,0.15315315315315314,423.96576543179515,1.1885233476091848
0.16199852960277397,0.15415415415415415,424.1111587436861,1.1885233476091848
0.16205406575704584,0.15515515515515516,424.25655205557706,1.1885233476091848
0.1621096019113177,0.15615615615615616,424.401945367468,1.1885233476091848
0.16216513806558958,0.15715715715715717,424.5473386793589,1.1885233476091848
0.16222067421986144,0.15815815815815815,424.69273199124984,1.1885233476091848
0.1622762103741333,0.15915915915915915,424.8381253031408,1.1885233476091848
0.16233174652840518,0.16016016016016016,424.98351861503176,1.1885233476091848
0.16238728268267705,0.16116116116116116,425.1289119269227,1.1885233476091848
0.16244281883694892,0.16216216216216217,425.2743052388136,1.1885233476091848
0.16249835499122078,0.16316316316316315,425.4196985507046,1.1885233476091848
0.16255389114549265,0.16416416416416416,425.5650918625955,1.1885233476091848
0.16260942729976452,0.16516516516516516,425.71048517448645,1.1885233476091848
0.16266496345403642,0.16616616616616617,425.8558784863775,1.1885233476091848
0.16272049960830828,0.16716716716716717,426.0012717982684,1.1885233476091848
0.16277603576258015,0.16816816816816815,426.14666511015935,1.1885233476091848
0.16283157191685202,0.16916916916916916,426.2920584220503,1.1885233476091848
0.1628871080711239,0.17017017017017017,426.43745173394126,1.1885233476091848
0.16294264422539576,0.17117117117117117,426.5828450458322,1.1885233476091848
0.16299818037966762,0.17217217217217218,426.7282383577231,1.1885233476091848
0.1630537165339395,0.17317317317317318,426.87363166961404,1.1885233476091848
0.16310925268821136,0.17417417417417416,427.019024981505,1.1885233476091848
0.16316478884248323,0.17517517517517517,427.16441829339595,1.1885233476091848
0.1632203249967551,0.17617617617617617,427.3098116052869,1.1885233476091848
0.16327586115102696,0.17717717717717718,427.4552049171778,1.1885233476091848
0.16333139730529883,0.1781781781781782,427.6005982290688,1.1885233476091848
0.1633869334595707,0.17917917917917917,427.7459915409597,1.1885233476091848
0.16344246961384257,0.18018018018018017,427.89138485285065,1.1885233476091848
0.16349800576811443,0.18118118118118118,428.0367781647416,1.1885233476091848
0.1635535419223863,0.18218218218218218,428.18217147663256,1.1885233476091848
0.16360907807665817,0.1831831831831832,428.3275647885235,1.1885233476091848
0.16366461423093004,0.1841841841841842,428.4729581004144,1.1885233476091848
0.16372015038520193,0.18518518518518517,428.61835141230546,1.1885233476091848
0.1637756865394738,0.18618618618618618,428.7637447241964,1.1885233476091848
0.16383122269374567,0.1871871871871872,428.9091380360873,1.1885233476091848
0.16388675884801754,0.1881881881881882,429.05453134797824,1.1885233476091848
0.1639422950022894,0.1891891891891892,429.1999246598692,1.1885233476091848
0.16399783115656127,0.19019019019019018,429.34531797176015,1.1885233476091848
0.16405336731083314,0.19119119119119118,429.4907112836511,1.1885233476091848
0.164108903465105,0.1921921921921922,429.636104595542,1.1885233476091848
0.16416443961937688,0.1931931931931932,429.78149790743294,1.1885233476091848
0.16421997577364875,0.1941941941941942,429.9268912193239,1.1885233476091848
0.16427551192792061,0.19519519519519518,430.07228453121485,1.1885233476091848
0.16433104808219248,0.1961961961961962,430.2176778431058,1.1885233476091848
0.16438658423646435,0.1971971971971972,430.3630711549967,1.1885233476091848
0.16444212039073622,0.1981981981981982,430.5084644668877,1.1885233476091848
0.1644976565450081,0.1991991991991992,430.6538577787786,1.1885233476091848
0.16455319269927995,0.20020020020020018,430.79925109066954,1.1885233476091848
0.16460872885355182,0.2012012012012012,430.94464440256047,1.1885233476091848
0.16466426500782372,0.2022022022022022,431.0900377144515,1.1885233476091848
0.16471980116209559,0.2032032032032032,431.23543102634244,1.1885233476091848
0.16477533731636745,0.2042042042042042,431.38082433823337,1.1885233476091848
0.16483087347063932,0.20520520520520522,431.52621765012435,1.1885233476091848
0.1648864096249112,0.2062062062062062,431.6716109620153,1.1885233476091848
0.16494194577918306,0.2072072072072072,431.8170042739062,1.1885233476091848
0.16499748193345493,0.2082082082082082,431.96239758579713,1.1885233476091848
0.1650530180877268,0.2092092092092092,432.1077908976881,1.1885233476091848
0.16510855424199866,0.21021021021021022,432.25318420957905,1.1885233476091848
0.16516409039627053,0.2112112112112112,432.39857752147,1.1885233476091848
0.1652196265505424,0.2122122122122122,432.5439708333609,1.1885233476091848
0.16527516270481427,0.2132132132132132,432.6893641452519,1.1885233476091848
0.16533069885908613,0.21421421421421422,432.8347574571428,1.1885233476091848
0.165386235013358,0.21521521521521522,432.98015076903374,1.1885233476091848
0.16544177116762987,0.21621621621621623,433.12554408092467,1.1885233476091848
0.16549730732190174,0.2172172172172172,433.27093739281565,1.1885233476091848
0.1655528434761736,0.2182182182182182,433.4163307047066,1.1885233476091848
0.1656083796304455,0.21921921921921922,433.56172401659757,1.1885233476091848
0.16566391578471737,0.22022022022022023,433.70711732848855,1.1885233476091848
0.16571945193898924,0.22122122122122123,433.8525106403795,1.1885233476091848
0.1657749880932611,0.2222222222222222,433.9979039522704,1.1885233476091848
0.16583052424753297,0.22322322322322322,434.14329726416133,1.1885233476091848
0.16588606040180484,0.22422422422422422,434.2886905760523,1.1885233476091848
0.1659415965560767,0.22522522522522523,434.43408388794325,1.1885233476091848
0.16599713271034858,0.22622622622622623,434.5794771998342,1.1885233476091848
0.16605266886462045,0.2272272272272272,434.7248705117251,1.1885233476091848
0.1661082050188923,0.22822822822822822,434.8702638236161,1.1885233476091848
0.16616374117316418,0.22922922922922923,435.015657135507,1.1885233476091848
0.16621927732743605,0.23023023023023023,435.16105044739794,1.1885233476091848
0.16627481348170792,0.23123123123123124,435.30644375928887,1.1885233476091848
0.16633034963597979,0.23223223223223222,435.45183707117985,1.1885233476091848
0.16638588579025165,0.23323323323323322,435.5972303830708,1.1885233476091848
0.16644142194452352,0.23423423423423423,435.7426236949617,1.1885233476091848
0.1664969580987954,0.23523523523523523,435.88801700685264,1.1885233476091848
0.16655249425306728,0.23623623623623624,436.0334103187437,1.1885233476091848
0.16660803040733915,0.23723723723723725,436.1788036306346,1.1885233476091848
0.16666356656161102,0.23823823823823823,436.32419694252553,1.1885233476091848
0.1667191027158829,0.23923923923923923,436.4695902544165,1.1885233476091848
0.16677463887015476,0.24024024024024024,436.61498356630744,1.1885233476091848
0.16683017502442662,0.24124124124124124,436.7603768781984,1.1885233476091848
0.1668857111786985,0.24224224224224225,436.9057701900893,1.1885233476091848
0.16694124733297036,0.24324324324324323,437.0511635019803,1.1885233476091848
0.16699678348724223,0.24424424424424424,437.1965568138712,1.1885233476091848
0.1670523196415141,0.24524524524524524,437.34195012576214,1.1885233476091848
0.16710785579578596,0.24624624624624625,437.48734343765307,1.1885233476091848
0.16716339195005783,0.24724724724724725,437.63273674954405,1.1885233476091848
0.1672189281043297,0.24824824824824826,437.778130061435,1.1885233476091848
0.16727446425860157,0.24924924924924924,437.9235233733259,1.1885233476091848
0.16733000041287344,0.2502502502502503,438.06891668521683,1.1885233476091848
0.1673855365671453,0.25125125125125125,438.2143099971078,1.1885233476091848
0.16744107272141717,0.25225225225225223,438.35970330899875,1.1885233476091848
0.16749660887568904,0.25325325325325326,438.5050966208897,1.1885233476091848
0.1675521450299609,0.25425425425425424,438.6504899327806,1.1885233476091848
0.1676076811842328,0.2552552552552553,438.79588324467164,1.1885233476091848
0.16766321733850467,0.25625625625625625,438.94127655656257,1.1885233476091848
0.16771875349277654,0.25725725725725723,439.0866698684535,1.1885233476091848
0.1677742896470484,0.25825825825825827,439.2320631803444,1.1885233476091848
0.16782982580132028,0.25925925925925924,439.3774564922354,1.1885233476091848
0.16788536195559214,0.2602602602602603,439.52284980412634,1.1885233476091848
0.167940898109864,0.26126126126126126,439.66824311601727,1.1885233476091848
0.16799643426413588,0.26226226226226224,439.8136364279082,1.1885233476091848
0.16805197041840775,0.26326326326326327,439.9590297397992,1.1885233476091848
0.16810750657267962,0.26426426426426425,440.1044230516901,1.1885233476091848
0.16816304272695148,0.2652652652652653,440.24981636358103,1.1885233476091848
0.16821857888122335,0.26626626626626626,440.39520967547196,1.1885233476091848
0.16827411503549522,0.26726726726726724,440.54060298736294,1.1885233476091848
0.1683296511897671,0.2682682682682683,440.6859962992539,1.1885233476091848
0.16838518734403896,0.26926926926926925,440.8313896111448,1.1885233476091848
0.16844072349831082,0.2702702702702703,440.9767829230357,1.1885233476091848
0.1684962596525827,0.27127127127127126,441.1221762349267,1.1885233476091848
0.1685517958068546,0.27227227227227224,441.2675695468177,1.1885233476091848
0.16860733196112646,0.2732732732732733,441.4129628587086,1.1885233476091848
0.16866286811539832,0.27427427427427425,441.5583561705996,1.1885233476091848
0.1687184042696702,0.2752752752752753,441.70374948249054,1.1885233476091848
0.16877394042394206,0.27627627627627627,441.84914279438146,1.1885233476091848
0.16882947657821393,0.2772772772772773,441.9945361062724,1.1885233476091848
0.1688850127324858,0.2782782782782783,442.1399294181634,1.1885233476091848
0.16894054888675766,0.27927927927927926,442.2853227300543,1.1885233476091848
0.16899608504102953,0.2802802802802803,442.43071604194523,1.1885233476091848
0.1690516211953014,0.28128128128128127,442.57610935383616,1.1885233476091848
0.16910715734957327,0.2822822822822823,442.72150266572714,1.1885233476091848
0.16916269350384514,0.2832832832832833,442.86689597761807,1.1885233476091848
0.169218229658117,0.28428428428428426,443.012289289509,1.1885233476091848
0.16927376581238887,0.2852852852852853,443.1576826013999,1.1885233476091848
0.16932930196666074,0.2862862862862863,443.3030759132909,1.1885233476091848
0.1693848381209326,0.2872872872872873,443.44846922518184,1.1885233476091848
0.16944037427520448,0.2882882882882883,443.59386253707277,1.1885233476091848
0.16949591042947637,0.28928928928928926,443.7392558489638,1.1885233476091848
0.16955144658374824,0.2902902902902903,443.88464916085474,1.1885233476091848
0.1696069827380201,0.2912912912912913,444.03004247274566,1.1885233476091848
0.16966251889229197,0.2922922922922923,444.1754357846366,1.1885233476091848
0.16971805504656384,0.2932932932932933,444.3208290965276,1.1885233476091848
0.1697735912008357,0.29429429429429427,444.4662224084185,1.1885233476091848
0.16982912735510758,0.2952952952952953,444.61161572030943,1.1885233476091848
0.16988466350937945,0.2962962962962963,444.75700903220036,1.1885233476091848
0.16994019966365131,0.2972972972972973,444.90240234409134,1.1885233476091848
0.16999573581792318,0.2982982982982983,445.04779565598227,1.1885233476091848
0.17005127197219505,0.29929929929929927,445.1931889678732,1.1885233476091848
0.17010680812646692,0.3003003003003003,445.3385822797641,1.1885233476091848
0.1701623442807388,0.3013013013013013,445.4839755916551,1.1885233476091848
0.17021788043501065,0.3023023023023023,445.62936890354604,1.1885233476091848
0.17027341658928252,0.3033033033033033,445.77476221543697,1.1885233476091848
0.1703289527435544,0.30430430430430433,445.9201555273279,1.1885233476091848
0.17038448889782626,0.3053053053053053,446.0655488392189,1.1885233476091848
0.17044002505209815,0.3063063063063063,446.21094215110986,1.1885233476091848
0.17049556120637,0.3073073073073073,446.35633546300073,1.1885233476091848
0.1705510973606419,0.3083083083083083,446.5017287748918,1.1885233476091848
0.17060663351491376,0.30930930930930933,446.6471220867827,1.1885233476091848
0.17066216966918563,0.3103103103103103,446.79251539867363,1.1885233476091848
0.1707177058234575,0.3113113113113113,446.93790871056456,1.1885233476091848
0.17077324197772936,0.3123123123123123,447.08330202245554,1.1885233476091848
0.17082877813200123,0.3133133133133133,447.22869533434647,1.1885233476091848
0.1708843142862731,0.31431431431431434,447.3740886462374,1.1885233476091848
0.17093985044054497,0.3153153153153153,447.5194819581283,1.1885233476091848
0.17099538659481683,0.3163163163163163,447.6648752700193,1.1885233476091848
0.1710509227490887,0.3173173173173173,447.81026858191024,1.1885233476091848
0.17110645890336057,0.3183183183183183,447.95566189380116,1.1885233476091848
0.17116199505763244,0.31931931931931934,448.1010552056921,1.1885233476091848
0.1712175312119043,0.3203203203203203,448.246448517583,1.1885233476091848
0.17127306736617617,0.3213213213213213,448.391841829474,1.1885233476091848
0.17132860352044804,0.32232232232232233,448.53723514136493,1.1885233476091848
0.17138413967471994,0.3233233233233233,448.6826284532559,1.1885233476091848
0.17143967582899178,0.32432432432432434,448.8280217651468,1.1885233476091848
0.17149521198326367,0.3253253253253253,448.9734150770378,1.1885233476091848
0.17155074813753554,0.3263263263263263,449.11880838892876,1.1885233476091848
0.1716062842918074,0.32732732732732733,449.2642017008197,1.1885233476091848
0.17166182044607928,0.3283283283283283,449.40959501271067,1.1885233476091848
0.17171735660035115,0.32932932932932935,449.5549883246016,1.1885233476091848
0.171772892754623,0.3303303303303303,449.7003816364925,1.1885233476091848
0.17182842890889488,0.3313313313313313,449.84577494838345,1.1885233476091848
0.17188396506316675,0.33233233233233234,449.99116826027443,1.1885233476091848
0.17193950121743862,0.3333333333333333,450.13656157216536,1.1885233476091848
0.17199503737171049,0.33433433433433435,450.2819548840563,1.1885233476091848
0.17205057352598235,0.3353353353353353,450.4273481959472,1.1885233476091848
0.17210610968025422,0.3363363363363363,450.5727415078382,1.1885233476091848
0.1721616458345261,0.33733733733733734,450.71813481972913,1.1885233476091848
0.17221718198879796,0.3383383383383383,450.86352813162006,1.1885233476091848
0.17227271814306983,0.33933933933933935,451.008921443511,1.1885233476091848
0.1723282542973417,0.34034034034034033,451.15431475540197,1.1885233476091848
0.17238379045161356,0.34134134134134136,451.2997080672929,1.1885233476091848
0.17243932660588546,0.34234234234234234,451.4451013791839,1.1885233476091848
0.17249486276015732,0.3433433433433433,451.59049469107487,1.1885233476091848
0.1725503989144292,0.34434434434434436,451.7358880029658,1.1885233476091848
0.17260593506870106,0.34534534534534533,451.8812813148567,1.1885233476091848
0.17266147122297293,0.34634634634634637,452.02667462674765,1.1885233476091848
0.1727170073772448,0.34734734734734735,452.17206793863863,1.1885233476091848
0.17277254353151666,0.3483483483483483,452.31746125052956,1.1885233476091848
0.17282807968578853,0.34934934934934936,452.4628545624205,1.1885233476091848
0.1728836158400604,0.35035035035035034,452.6082478743114,1.1885233476091848
0.17293915199433227,0.35135135135135137,452.7536411862024,1.1885233476091848
0.17299468814860414,0.35235235235235235,452.89903449809333,1.1885233476091848
0.173050224302876,0.3533533533533533,453.04442780998426,1.1885233476091848
0.17310576045714787,0.35435435435435436,453.1898211218752,1.1885233476091848
0.17316129661141974,0.35535535535535534,453.33521443376617,1.1885233476091848
0.1732168327656916,0.3563563563563564,453.4806077456571,1.1885233476091848
0.17327236891996348,0.35735735735735735,453.626001057548,1.1885233476091848
0.17332790507423534,0.35835835835835833,453.77139436943895,1.1885233476091848
0.17338344122850724,0.35935935935935936,453.91678768133,1.1885233476091848
0.1734389773827791,0.36036036036036034,454.0621809932209,1.1885233476091848
0.17349451353705098,0.3613613613613614,454.20757430511185,1.1885233476091848
0.17355004969132284,0.36236236236236236,454.35296761700283,1.1885233476091848
0.1736055858455947,0.36336336336336333,454.49836092889376,1.1885233476091848
0.17366112199986658,0.36436436436436437,454.6437542407847,1.1885233476091848
0.17371665815413845,0.36536536536536535,454.7891475526756,1.1885233476091848
0.17377219430841032,0.3663663663663664,454.9345408645666,1.1885233476091848
0.17382773046268218,0.36736736736736736,455.0799341764575,1.1885233476091848
0.17388326661695405,0.3683683683683684,455.22532748834846,1.1885233476091848
0.17393880277122592,0.36936936936936937,455.3707208002394,1.1885233476091848
0.1739943389254978,0.37037037037037035,455.51611411213037,1.1885233476091848
0.17404987507976966,0.3713713713713714,455.6615074240213,1.1885233476091848
0.17410541123404152,0.37237237237237236,455.8069007359122,1.1885233476091848
0.1741609473883134,0.3733733733733734,455.95229404780315,1.1885233476091848
0.17421648354258526,0.3743743743743744,456.09768735969413,1.1885233476091848
0.17427201969685713,0.37537537537537535,456.24308067158506,1.1885233476091848
0.17432755585112902,0.3763763763763764,456.38847398347605,1.1885233476091848
0.17438309200540086,0.37737737737737737,456.5338672953669,1.1885233476091848
0.17443862815967276,0.3783783783783784,456.67926060725796,1.1885233476091848
0.17449416431394463,0.3793793793793794,456.8246539191489,1.1885233476091848
0.1745497004682165,0.38038038038038036,456.9700472310398,1.1885233476091848
0.17460523662248836,0.3813813813813814,457.1154405429308,1.1885233476091848
0.17466077277676023,0.38238238238238237,457.2608338548217,1.1885233476091848
0.1747163089310321,0.3833833833833834,457.40622716671265,1.1885233476091848
0.17477184508530397,0.3843843843843844,457.5516204786036,1.1885233476091848
0.17482738123957584,0.38538538538538536,457.6970137904945,1.1885233476091848
0.1748829173938477,0.3863863863863864,457.8424071023855,1.1885233476091848
0.17493845354811957,0.38738738738738737,457.9878004142764,1.1885233476091848
0.17499398970239144,0.3883883883883884,458.13319372616735,1.1885233476091848
0.1750495258566633,0.3893893893893894,458.2785870380583,1.1885233476091848
0.17510506201093518,0.39039039039039036,458.42398034994926,1.1885233476091848
0.17516059816520704,0.3913913913913914,458.5693736618402,1.1885233476091848
0.1752161343194789,0.3923923923923924,458.7147669737311,1.1885233476091848
0.1752716704737508,0.3933933933933934,458.86016028562216,1.1885233476091848
0.17532720662802265,0.3943943943943944,459.005553597513,1.1885233476091848
0.17538274278229454,0.39539539539539537,459.150946909404,1.1885233476091848
0.1754382789365664,0.3963963963963964,459.29634022129494,1.1885233476091848
0.17549381509083828,0.3973973973973974,459.4417335331859,1.1885233476091848
0.17554935124511015,0.3983983983983984,459.58712684507685,1.1885233476091848
0.17560488739938201,0.3993993993993994,459.7325201569678,1.1885233476091848
0.17566042355365388,0.40040040040040037,459.8779134688587,1.1885233476091848
0.17571595970792575,0.4014014014014014,460.0233067807497,1.1885233476091848
0.17577149586219762,0.4024024024024024,460.1687000926406,1.1885233476091848
0.1758270320164695,0.4034034034034034,460.31409340453155,1.1885233476091848
0.17588256817074135,0.4044044044044044,460.4594867164225,1.1885233476091848
0.17593810432501322,0.40540540540540543,460.60488002831346,1.1885233476091848
0.1759936404792851,0.4064064064064064,460.7502733402044,1.1885233476091848
0.17604917663355696,0.4074074074074074,460.8956666520953,1.1885233476091848
0.17610471278782883,0.4084084084084084,461.04105996398624,1.1885233476091848
0.1761602489421007,0.4094094094094094,461.1864532758772,1.1885233476091848
0.17621578509637256,0.41041041041041043,461.33184658776815,1.1885233476091848
0.17627132125064443,0.4114114114114114,461.4772398996591,1.1885233476091848
0.17632685740491633,0.4124124124124124,461.6226332115501,1.1885233476091848
0.1763823935591882,0.4134134134134134,461.76802652344105,1.1885233476091848
0.17643792971346006,0.4144144144144144,461.913419835332,1.1885233476091848
0.17649346586773193,0.41541541541541543,462.0588131472229,1.1885233476091848
0.1765490020220038,0.4164164164164164,462.2042064591139,1.1885233476091848
0.17660453817627567,0.4174174174174174,462.3495997710048,1.1885233476091848
0.17666007433054753,0.4184184184184184,462.49499308289575,1.1885233476091848
0.1767156104848194,0.4194194194194194,462.6403863947867,1.1885233476091848
0.17677114663909127,0.42042042042042044,462.78577970667766,1.1885233476091848
0.17682668279336314,0.4214214214214214,462.9311730185686,1.1885233476091848
0.176882218947635,0.4224224224224224,463.0765663304595,1.1885233476091848
0.17693775510190687,0.42342342342342343,463.22195964235044,1.1885233476091848
0.17699329125617874,0.4244244244244244,463.3673529542414,1.1885233476091848
0.1770488274104506,0.42542542542542544,463.51274626613235,1.1885233476091848
0.17710436356472248,0.4264264264264264,463.6581395780233,1.1885233476091848
0.17715989971899435,0.4274274274274274,463.8035328899142,1.1885233476091848
0.1772154358732662,0.42842842842842843,463.9489262018052,1.1885233476091848
0.1772709720275381,0.4294294294294294,464.0943195136962,1.1885233476091848
0.17732650818180998,0.43043043043043044,464.2397128255871,1.1885233476091848
0.17738204433608185,0.4314314314314314,464.3851061374781,1.1885233476091848
0.1774375804903537,0.43243243243243246,464.530499449369,1.1885233476091848
0.17749311664462558,0.43343343343343343,464.67589276125995,1.1885233476091848
0.17754865279889745,0.4344344344344344,464.8212860731509,1.1885233476091848
0.17760418895316932,0.43543543543543545,464.96667938504186,1.1885233476091848
0.17765972510744119,0.4364364364364364,465.1120726969328,1.1885233476091848
0.17771526126171305,0.43743743743743746,465.2574660088237,1.1885233476091848
0.17777079741598492,0.43843843843843844,465.40285932071464,1.1885233476091848
0.1778263335702568,0.4394394394394394,465.5482526326056,1.1885233476091848
0.17788186972452866,0.44044044044044045,465.69364594449655,1.1885233476091848
0.17793740587880053,0.44144144144144143,465.8390392563875,1.1885233476091848
0.1779929420330724,0.44244244244244246,465.9844325682784,1.1885233476091848
0.17804847818734426,0.44344344344344344,466.1298258801694,1.1885233476091848
0.17810401434161613,0.4444444444444444,466.2752191920603,1.1885233476091848
0.178159550495888,0.44544544544544545,466.42061250395125,1.1885233476091848
0.1782150866501599,0.44644644644644643,466.5660058158423,1.1885233476091848
0.17827062280443173,0.44744744744744747,466.7113991277331,1.1885233476091848
0.17832615895870363,0.44844844844844844,466.85679243962414,1.1885233476091848
0.1783816951129755,0.4494494494494494,467.00218575151507,1.1885233476091848
0.17843723126724736,0.45045045045045046,467.147579063406,1.1885233476091848
0.17849276742151923,0.45145145145145144,467.292972375297,1.1885233476091848
0.1785483035757911,0.45245245245245247,467.4383656871879,1.1885233476091848
0.17860383973006297,0.45345345345345345,467.58375899907884,1.1885233476091848
0.17865937588433484,0.4544544544544544,467.72915231096977,1.1885233476091848
0.1787149120386067,0.45545545545545546,467.87454562286075,1.1885233476091848
0.17877044819287857,0.45645645645645644,468.0199389347517,1.1885233476091848
0.17882598434715044,0.4574574574574575,468.1653322466426,1.1885233476091848
0.1788815205014223,0.45845845845845845,468.31072555853353,1.1885233476091848
0.17893705665569418,0.45945945945945943,468.4561188704245,1.1885233476091848
0.17899259280996604,0.46046046046046046,468.60151218231545,1.1885233476091848
0.1790481289642379,0.46146146146146144,468.7469054942064,1.1885233476091848
0.17910366511850978,0.4624624624624625,468.8922988060973,1.1885233476091848
0.17915920127278168,0.46346346346346345,469.03769211798834,1.1885233476091848
0.17921473742705352,0.46446446446446443,469.1830854298792,1.1885233476091848
0.1792702735813254,0.46546546546546547,469.3284787417702,1.1885233476091848
0.17932580973559728,0.46646646646646645,469.4738720536612,1.1885233476091848
0.17938134588986915,0.4674674674674675,469.6192653655521,1.1885233476091848
0.17943688204414102,0.46846846846846846,469.76465867744304,1.1885233476091848
0.17949241819841288,0.4694694694694695,469.91005198933397,1.1885233476091848
0.17954795435268475,0.47047047047047047,470.05544530122495,1.1885233476091848
0.17960349050695662,0.47147147147147145,470.2008386131159,1.1885233476091848
0.1796590266612285,0.4724724724724725,470.3462319250068,1.1885233476091848
0.17971456281550036,0.47347347347347346,470.49162523689773,1.1885233476091848
0.17977009896977222,0.4744744744744745,470.6370185487887,1.1885233476091848
0.1798256351240441,0.4754754754754755,470.78241186067964,1.1885233476091848
0.17988117127831596,0.47647647647647645,470.9278051725706,1.1885233476091848
0.17993670743258783,0.4774774774774775,471.0731984844615,1.1885233476091848
0.1799922435868597,0.47847847847847846,471.2185917963525,1.1885233476091848
0.18004777974113156,0.4794794794794795,471.3639851082434,1.1885233476091848
0.18010331589540343,0.4804804804804805,471.50937842013434,1.1885233476091848
0.1801588520496753,0.48148148148148145,471.65477173202527,1.1885233476091848
0.1802143882039472,0.4824824824824825,471.8001650439163,1.1885233476091848
0.18026992435821906,0.48348348348348347,471.94555835580724,1.1885233476091848
0.18032546051249093,0.4844844844844845,472.09095166769816,1.1885233476091848
0.1803809966667628,0.4854854854854855,472.23634497958915,1.1885233476091848
0.18043653282103467,0.48648648648648646,472.3817382914801,1.1885233476091848
0.18049206897530654,0.4874874874874875,472.527131603371,1.1885233476091848
0.1805476051295784,0.48848848848848847,472.67252491526193,1.1885233476091848
0.18060314128385027,0.4894894894894895,472.8179182271529,1.1885233476091848
0.18065867743812214,0.4904904904904905,472.96331153904384,1.1885233476091848
0.180714213592394,0.49149149149149146,473.10870485093477,1.1885233476091848
0.18076974974666588,0.4924924924924925,473.2540981628257,1.1885233476091848
0.18082528590093774,0.4934934934934935,473.3994914747167,1.1885233476091848
0.1808808220552096,0.4944944944944945,473.5448847866076,1.1885233476091848
0.18093635820948148,0.4954954954954955,473.69027809849854,1.1885233476091848
0.18099189436375335,0.4964964964964965,473.83567141038947,1.1885233476091848
0.18104743051802522,0.4974974974974975,473.98106472228045,1.1885233476091848
0.18110296667229708,0.4984984984984985,474.1264580341714,1.1885233476091848
0.18115850282656898,0.4994994994994995,474.27185134606236,1.1885233476091848
0.18121403898084085,0.5005005005005005,474.41724465795335,1.1885233476091848
0.18126957513511271,0.5015015015015015,474.5626379698443,1.1885233476091848
0.18132511128938458,0.5025025025025025,474.7080312817352,1.1885233476091848
0.18138064744365645,0.5035035035035035,474.85342459362613,1.1885233476091848
0.18143618359792832,0.5045045045045045,474.9988179055171,1.1885233476091848
0.1814917197522002,0.5055055055055055,475.14421121740804,1.1885233476091848
0.18154725590647205,0.5065065065065065,475.28960452929897,1.1885233476091848
0.18160279206074392,0.5075075075075075,475.4349978411899,1.1885233476091848
0.1816583282150158,0.5085085085085085,475.5803911530809,1.1885233476091848
0.18171386436928766,0.5095095095095095,475.7257844649718,1.1885233476091848
0.18176940052355953,0.5105105105105106,475.87117777686274,1.1885233476091848
0.1818249366778314,0.5115115115115115,476.01657108875366,1.1885233476091848
0.18188047283210326,0.5125125125125125,476.1619644006446,1.1885233476091848
0.18193600898637513,0.5135135135135135,476.3073577125356,1.1885233476091848
0.181991545140647,0.5145145145145145,476.4527510244265,1.1885233476091848
0.18204708129491887,0.5155155155155156,476.59814433631743,1.1885233476091848
0.18210261744919076,0.5165165165165165,476.7435376482085,1.1885233476091848
0.1821581536034626,0.5175175175175175,476.88893096009934,1.1885233476091848
0.1822136897577345,0.5185185185185185,477.03432427199033,1.1885233476091848
0.18226922591200637,0.5195195195195195,477.17971758388126,1.1885233476091848
0.18232476206627823,0.5205205205205206,477.32511089577224,1.1885233476091848
0.1823802982205501,0.5215215215215215,477.47050420766317,1.1885233476091848
0.18243583437482197,0.5225225225225225,477.6158975195541,1.1885233476091848
0.18249137052909384,0.5235235235235235,477.761290831445,1.1885233476091848
0.1825469066833657,0.5245245245245245,477.906684143336,1.1885233476091848
0.18260244283763757,0.5255255255255256,478.05207745522694,1.1885233476091848
0.18265797899190944,0.5265265265265265,478.19747076711786,1.1885233476091848
0.1827135151461813,0.5275275275275275,478.3428640790088,1.1885233476091848
0.18276905130045318,0.5285285285285285,478.4882573908998,1.1885233476091848
0.18282458745472505,0.5295295295295295,478.6336507027907,1.1885233476091848
0.18288012360899691,0.5305305305305306,478.77904401468163,1.1885233476091848
0.18293565976326878,0.5315315315315315,478.92443732657256,1.1885233476091848
0.18299119591754065,0.5325325325325325,479.06983063846354,1.1885233476091848
0.18304673207181255,0.5335335335335335,479.2152239503545,1.1885233476091848
0.18310226822608439,0.5345345345345345,479.3606172622454,1.1885233476091848
0.18315780438035628,0.5355355355355356,479.50601057413644,1.1885233476091848
0.18321334053462815,0.5365365365365365,479.65140388602737,1.1885233476091848
0.18326887668890002,0.5375375375375375,479.7967971979183,1.1885233476091848
0.18332441284317189,0.5385385385385385,479.9421905098092,1.1885233476091848
0.18337994899744375,0.5395395395395395,480.0875838217002,1.1885233476091848
0.18343548515171562,0.5405405405405406,480.23297713359113,1.1885233476091848
0.1834910213059875,0.5415415415415415,480.37837044548206,1.1885233476091848
0.18354655746025936,0.5425425425425425,480.523763757373,1.1885233476091848
0.18360209361453123,0.5435435435435435,480.669157069264,1.1885233476091848
0.1836576297688031,0.5445445445445445,480.8145503811549,1.1885233476091848
0.18371316592307496,0.5455455455455456,480.95994369304583,1.1885233476091848
0.18376870207734683,0.5465465465465466,481.10533700493676,1.1885233476091848
0.1838242382316187,0.5475475475475475,481.25073031682774,1.1885233476091848
0.18387977438589057,0.5485485485485485,481.39612362871867,1.1885233476091848
0.18393531054016243,0.5495495495495496,481.5415169406096,1.1885233476091848
0.1839908466944343,0.5505505505505506,481.6869102525005,1.1885233476091848
0.18404638284870617,0.5515515515515516,481.8323035643915,1.1885233476091848
0.18410191900297806,0.5525525525525525,481.9776968762825,1.1885233476091848
0.18415745515724993,0.5535535535535535,482.1230901881734,1.1885233476091848
0.1842129913115218,0.5545545545545546,482.2684835000644,1.1885233476091848
0.18426852746579367,0.5555555555555556,482.41387681195533,1.1885233476091848
0.18432406362006554,0.5565565565565566,482.55927012384626,1.1885233476091848
0.1843795997743374,0.5575575575575575,482.7046634357372,1.1885233476091848
0.18443513592860927,0.5585585585585585,482.8500567476282,1.1885233476091848
0.18449067208288114,0.5595595595595596,482.9954500595191,1.1885233476091848
0.184546208237153,0.5605605605605606,483.14084337141,1.1885233476091848
0.18460174439142488,0.5615615615615616,483.28623668330096,1.1885233476091848
0.18465728054569674,0.5625625625625625,483.43162999519194,1.1885233476091848
0.1847128166999686,0.5635635635635635,483.57702330708287,1.1885233476091848
0.18476835285424048,0.5645645645645646,483.7224166189738,1.1885233476091848
0.18482388900851235,0.5655655655655656,483.8678099308647,1.1885233476091848
0.18487942516278422,0.5665665665665666,484.0132032427557,1.1885233476091848
0.1849349613170561,0.5675675675675675,484.1585965546467,1.1885233476091848
0.18499049747132795,0.5685685685685685,484.30398986653756,1.1885233476091848
0.18504603362559985,0.5695695695695696,484.4493831784286,1.1885233476091848
0.1851015697798717,0.5705705705705706,484.5947764903194,1.1885233476091848
0.18515710593414358,0.5715715715715716,484.74016980221046,1.1885233476091848
0.18521264208841545,0.5725725725725725,484.8855631141014,1.1885233476091848
0.18526817824268732,0.5735735735735735,485.0309564259924,1.1885233476091848
0.1853237143969592,0.5745745745745746,485.1763497378833,1.1885233476091848
0.18537925055123106,0.5755755755755756,485.3217430497742,1.1885233476091848
0.18543478670550292,0.5765765765765766,485.46713636166515,1.1885233476091848
0.1854903228597748,0.5775775775775776,485.6125296735561,1.1885233476091848
0.18554585901404666,0.5785785785785785,485.75792298544707,1.1885233476091848
0.18560139516831853,0.5795795795795796,485.903316297338,1.1885233476091848
0.1856569313225904,0.5805805805805806,486.0487096092289,1.1885233476091848
0.18571246747686226,0.5815815815815816,486.19410292111985,1.1885233476091848
0.18576800363113413,0.5825825825825826,486.33949623301083,1.1885233476091848
0.185823539785406,0.5835835835835835,486.48488954490176,1.1885233476091848
0.18587907593967787,0.5845845845845846,486.6302828567927,1.1885233476091848
0.18593461209394974,0.5855855855855856,486.7756761686836,1.1885233476091848
0.18599014824822163,0.5865865865865866,486.92106948057466,1.1885233476091848
0.18604568440249347,0.5875875875875876,487.06646279246553,1.1885233476091848
0.18610122055676537,0.5885885885885885,487.2118561043565,1.1885233476091848
0.18615675671103724,0.5895895895895896,487.3572494162475,1.1885233476091848
0.1862122928653091,0.5905905905905906,487.5026427281384,1.1885233476091848
0.18626782901958097,0.5915915915915916,487.64803604002935,1.1885233476091848
0.18632336517385284,0.5925925925925926,487.7934293519203,1.1885233476091848
0.1863789013281247,0.5935935935935935,487.93882266381127,1.1885233476091848
0.18643443748239658,0.5945945945945946,488.0842159757022,1.1885233476091848
0.18648997363666844,0.5955955955955956,488.2296092875931,1.1885233476091848
0.1865455097909403,0.5965965965965966,488.37500259948405,1.1885233476091848
0.18660104594521218,0.5975975975975976,488.52039591137503,1.1885233476091848
0.18665658209948405,0.5985985985985985,488.66578922326596,1.1885233476091848
0.18671211825375592,0.5995995995995996,488.8111825351569,1.1885233476091848
0.18676765440802778,0.6006006006006006,488.9565758470478,1.1885233476091848
0.18682319056229965,0.6016016016016016,489.1019691589388,1.1885233476091848
0.18687872671657152,0.6026026026026026,489.2473624708297,1.1885233476091848
0.18693426287084342,0.6036036036036035,489.3927557827207,1.1885233476091848
0.18698979902511526,0.6046046046046046,489.5381490946116,1.1885233476091848
0.18704533517938715,0.6056056056056056,489.6835424065026,1.1885233476091848
0.187100871333659,0.6066066066066066,489.8289357183935,1.1885233476091848
0.1871564074879309,0.6076076076076076,489.9743290302845,1.1885233476091848
0.18721194364220275,0.6086086086086087,490.11972234217546,1.1885233476091848
0.18726747979647462,0.6096096096096096,490.2651156540664,1.1885233476091848
0.1873230159507465,0.6106106106106106,490.4105089659573,1.1885233476091848
0.18737855210501836,0.6116116116116116,490.55590227784825,1.1885233476091848
0.18743408825929023,0.6126126126126126,490.70129558973923,1.1885233476091848
0.1874896244135621,0.6136136136136137,490.84668890163016,1.1885233476091848
0.18754516056783396,0.6146146146146146,490.9920822135211,1.1885233476091848
0.18760069672210583,0.6156156156156156,491.137475525412,1.1885233476091848
0.1876562328763777,0.6166166166166166,491.282868837303,1.1885233476091848
0.18771176903064957,0.6176176176176176,491.4282621491939,1.1885233476091848
0.18776730518492143,0.6186186186186187,491.57365546108485,1.1885233476091848
0.1878228413391933,0.6196196196196196,491.7190487729758,1.1885233476091848
0.1878783774934652,0.6206206206206206,491.8644420848668,1.1885233476091848
0.18793391364773704,0.6216216216216216,492.0098353967577,1.1885233476091848
0.18798944980200893,0.6226226226226226,492.1552287086487,1.1885233476091848
0.18804498595628077,0.6236236236236237,492.30062202053955,1.1885233476091848
0.18810052211055267,0.6246246246246246,492.4460153324306,1.1885233476091848
0.18815605826482454,0.6256256256256256,492.5914086443215,1.1885233476091848
0.1882115944190964,0.6266266266266266,492.73680195621245,1.1885233476091848
0.18826713057336827,0.6276276276276276,492.88219526810343,1.1885233476091848
0.18832266672764014,0.6286286286286287,493.02758857999436,1.1885233476091848
0.188378202881912,0.6296296296296297,493.1729818918853,1.1885233476091848
0.18843373903618388,0.6306306306306306,493.3183752037762,1.1885233476091848
0.18848927519045575,0.6316316316316316,493.4637685156672,1.1885233476091848
0.18854481134472761,0.6326326326326326,493.6091618275581,1.1885233476091848
0.18860034749899948,0.6336336336336337,493.75455513944905,1.1885233476091848
0.18865588365327135,0.6346346346346347,493.89994845134,1.1885233476091848
0.18871141980754322,0.6356356356356356,494.0453417632309,1.1885233476091848
0.18876695596181509,0.6366366366366366,494.1907350751219,1.1885233476091848
0.18882249211608698,0.6376376376376376,494.3361283870129,1.1885233476091848
0.18887802827035882,0.6386386386386387,494.48152169890375,1.1885233476091848
0.18893356442463072,0.6396396396396397,494.6269150107948,1.1885233476091848
0.18898910057890256,0.6406406406406406,494.77230832268566,1.1885233476091848
0.18904463673317445,0.6416416416416416,494.91770163457664,1.1885233476091848
0.18910017288744632,0.6426426426426426,495.0630949464676,1.1885233476091848
0.1891557090417182,0.6436436436436437,495.20848825835856,1.1885233476091848
0.18921124519599006,0.6446446446446447,495.3538815702495,1.1885233476091848
0.18926678135026193,0.6456456456456456,495.4992748821404,1.1885233476091848
0.1893223175045338,0.6466466466466466,495.64466819403134,1.1885233476091848
0.18937785365880566,0.6476476476476476,495.7900615059223,1.1885233476091848
0.18943338981307753,0.6486486486486487,495.93545481781325,1.1885233476091848
0.1894889259673494,0.6496496496496497,496.0808481297042,1.1885233476091848
0.18954446212162127,0.6506506506506506,496.2262414415951,1.1885233476091848
0.18959999827589313,0.6516516516516516,496.3716347534861,1.1885233476091848
0.189655534430165,0.6526526526526526,496.517028065377,1.1885233476091848
0.18971107058443687,0.6536536536536537,496.66242137726795,1.1885233476091848
0.18976660673870874,0.6546546546546547,496.8078146891589,1.1885233476091848
0.1898221428929806,0.6556556556556556,496.95320800104986,1.1885233476091848
0.1898776790472525,0.6566566566566566,497.09860131294084,1.1885233476091848
0.18993321520152434,0.6576576576576576,497.2439946248317,1.1885233476091848
0.18998875135579624,0.6586586586586587,497.38938793672276,1.1885233476091848
0.1900442875100681,0.6596596596596597,497.5347812486137,1.1885233476091848
0.19009982366433997,0.6606606606606606,497.6801745605046,1.1885233476091848
0.19015535981861184,0.6616616616616616,497.82556787239554,1.1885233476091848
0.1902108959728837,0.6626626626626626,497.9709611842865,1.1885233476091848
0.19026643212715558,0.6636636636636637,498.11635449617745,1.1885233476091848
0.19032196828142744,0.6646646646646647,498.2617478080684,1.1885233476091848
0.1903775044356993,0.6656656656656657,498.4071411199593,1.1885233476091848
0.19043304058997118,0.6666666666666666,498.5525344318503,1.1885233476091848
0.19048857674424305,0.6676676676676676,498.6979277437412,1.1885233476091848
0.19054411289851492,0.6686686686686687,498.84332105563215,1.1885233476091848
0.19059964905278678,0.6696696696696697,498.9887143675231,1.1885233476091848
0.19065518520705865,0.6706706706706707,499.13410767941406,1.1885233476091848
0.19071072136133052,0.6716716716716716,499.279500991305,1.1885233476091848
0.1907662575156024,0.6726726726726726,499.4248943031959,1.1885233476091848
0.19082179366987428,0.6736736736736737,499.57028761508695,1.1885233476091848
0.19087732982414612,0.6746746746746747,499.7156809269778,1.1885233476091848
0.19093286597841802,0.6756756756756757,499.8610742388688,1.1885233476091848
0.19098840213268986,0.6766766766766766,500.0064675507597,1.1885233476091848
0.19104393828696176,0.6776776776776777,500.1518608626507,1.1885233476091848
0.19109947444123362,0.6786786786786787,500.29725417454165,1.1885233476091848
0.1911550105955055,0.6796796796796797,500.4426474864326,1.1885233476091848
0.19121054674977736,0.6806806806806807,500.5880407983235,1.1885233476091848
0.19126608290404923,0.6816816816816816,500.7334341102145,1.1885233476091848
0.1913216190583211,0.6826826826826827,500.8788274221054,1.1885233476091848
0.19137715521259296,0.6836836836836837,501.02422073399634,1.1885233476091848
0.19143269136686483,0.6846846846846847,501.1696140458873,1.1885233476091848
0.1914882275211367,0.6856856856856857,501.31500735777826,1.1885233476091848
0.19154376367540857,0.6866866866866866,501.4604006696692,1.1885233476091848
0.19159929982968044,0.6876876876876877,501.6057939815601,1.1885233476091848
0.1916548359839523,0.6886886886886887,501.75118729345104,1.1885233476091848
0.19171037213822417,0.6896896896896897,501.896580605342,1.1885233476091848
0.19176590829249607,0.6906906906906907,502.041973917233,1.1885233476091848
0.1918214444467679,0.6916916916916916,502.1873672291239,1.1885233476091848
0.1918769806010398,0.6926926926926927,502.3327605410149,1.1885233476091848
0.19193251675531164,0.6936936936936937,502.4781538529058,1.1885233476091848
0.19198805290958354,0.6946946946946947,502.6235471647968,1.1885233476091848
0.1920435890638554,0.6956956956956957,502.7689404766877,1.1885233476091848
0.19209912521812728,0.6966966966966966,502.9143337885787,1.1885233476091848
0.19215466137239914,0.6976976976976977,503.0597271004696,1.1885233476091848
0.192210197526671,0.6986986986986987,503.20512041236054,1.1885233476091848
0.19226573368094288,0.6996996996996997,503.35051372425147,1.1885233476091848
0.19232126983521475,0.7007007007007007,503.4959070361424,1.1885233476091848
0.19237680598948662,0.7017017017017017,503.6413003480334,1.1885233476091848
0.19243234214375848,0.7027027027027027,503.7866936599243,1.1885233476091848
0.19248787829803035,0.7037037037037037,503.93208697181524,1.1885233476091848
0.19254341445230222,0.7047047047047047,504.07748028370617,1.1885233476091848
0.1925989506065741,0.7057057057057057,504.22287359559715,1.1885233476091848
0.19265448676084596,0.7067067067067067,504.3682669074881,1.1885233476091848
0.19271002291511785,0.7077077077077077,504.51366021937906,1.1885233476091848
0.1927655590693897,0.7087087087087087,504.65905353126993,1.1885233476091848
0.1928210952236616,0.7097097097097097,504.804446843161,1.1885233476091848
0.19287663137793343,0.7107107107107107,504.94984015505185,1.1885233476091848
0.19293216753220532,0.7117117117117117,505.09523346694283,1.1885233476091848
0.1929877036864772,0.7127127127127127,505.2406267788338,1.1885233476091848
0.19304323984074906,0.7137137137137137,505.38602009072474,1.1885233476091848
0.19309877599502093,0.7147147147147147,505.53141340261567,1.1885233476091848
0.1931543121492928,0.7157157157157157,505.6768067145066,1.1885233476091848
0.19320984830356466,0.7167167167167167,505.8222000263976,1.1885233476091848
0.19326538445783653,0.7177177177177178,505.9675933382885,1.1885233476091848
0.1933209206121084,0.7187187187187187,506.11298665017944,1.1885233476091848
0.19337645676638027,0.7197197197197197,506.25837996207036,1.1885233476091848
0.19343199292065213,0.7207207207207207,506.40377327396135,1.1885233476091848
0.193487529074924,0.7217217217217217,506.5491665858523,1.1885233476091848
0.19354306522919587,0.7227227227227228,506.6945598977432,1.1885233476091848
0.19359860138346774,0.7237237237237237,506.83995320963413,1.1885233476091848
0.1936541375377396,0.7247247247247247,506.9853465215251,1.1885233476091848
0.19370967369201147,0.7257257257257257,507.13073983341604,1.1885233476091848
0.19376520984628337,0.7267267267267267,507.276133145307,1.1885233476091848
0.1938207460005552,0.7277277277277278,507.4215264571979,1.1885233476091848
0.1938762821548271,0.7287287287287287,507.56691976908894,1.1885233476091848
0.19393181830909897,0.7297297297297297,507.71231308097987,1.1885233476091848
0.19398735446337084,0.7307307307307307,507.8577063928708,1.1885233476091848
0.1940428906176427,0.7317317317317317,508.0030997047618,1.1885233476091848
0.19409842677191458,0.7327327327327328,508.1484930166527,1.1885233476091848
0.19415396292618645,0.7337337337337337,508.29388632854364,1.1885233476091848
0.19420949908045831,0.7347347347347347,508.43927964043456,1.1885233476091848
0.19426503523473018,0.7357357357357357,508.58467295232555,1.1885233476091848
0.19432057138900205,0.7367367367367368,508.7300662642165,1.1885233476091848
0.19437610754327392,0.7377377377377378,508.8754595761074,1.1885233476091848
0.1944316436975458,0.7387387387387387,509.02085288799833,1.1885233476091848
0.19448717985181765,0.7397397397397397,509.1662461998893,1.1885233476091848
0.19454271600608952,0.7407407407407407,509.31163951178024,1.1885233476091848
0.1945982521603614,0.7417417417417418,509.45703282367117,1.1885233476091848
0.19465378831463326,0.7427427427427428,509.6024261355621,1.1885233476091848
0.19470932446890515,0.7437437437437437,509.74781944745314,1.1885233476091848
0.194764860623177,0.7447447447447447,509.893212759344,1.1885233476091848
0.1948203967774489,0.7457457457457457,510.038606071235,1.1885233476091848
0.19487593293172073,0.7467467467467468,510.18399938312587,1.1885233476091848
0.19493146908599263,0.7477477477477478,510.3293926950169,1.1885233476091848
0.1949870052402645,0.7487487487487487,510.47478600690783,1.1885233476091848
0.19504254139453636,0.7497497497497497,510.62017931879876,1.1885233476091848
0.19509807754880823,0.7507507507507507,510.76557263068975,1.1885233476091848
0.1951536137030801,0.7517517517517518,510.9109659425807,1.1885233476091848
0.19520914985735197,0.7527527527527528,511.0563592544716,1.1885233476091848
0.19526468601162383,0.7537537537537538,511.20175256636253,1.1885233476091848
0.1953202221658957,0.7547547547547547,511.3471458782535,1.1885233476091848
0.19537575832016757,0.7557557557557557,511.49253919014444,1.1885233476091848
0.19543129447443944,0.7567567567567568,511.63793250203537,1.1885233476091848
0.1954868306287113,0.7577577577577578,511.7833258139263,1.1885233476091848
0.19554236678298317,0.7587587587587588,511.9287191258173,1.1885233476091848
0.19559790293725504,0.7597597597597597,512.0741124377082,1.1885233476091848
0.19565343909152694,0.7607607607607607,512.2195057495992,1.1885233476091848
0.19570897524579878,0.7617617617617618,512.3648990614901,1.1885233476091848
0.19576451140007067,0.7627627627627628,512.510292373381,1.1885233476091848
0.1958200475543425,0.7637637637637638,512.6556856852719,1.1885233476091848
0.1958755837086144,0.7647647647647647,512.801078997163,1.1885233476091848
0.19593111986288628,0.7657657657657657,512.9464723090539,1.1885233476091848
0.19598665601715815,0.7667667667667668,513.0918656209449,1.1885233476091848
0.19604219217143,0.7677677677677678,513.2372589328357,1.1885233476091848
0.19609772832570188,0.7687687687687688,513.3826522447267,1.1885233476091848
0.19615326447997375,0.7697697697697697,513.5280455566177,1.1885233476091848
0.19620880063424562,0.7707707707707707,513.6734388685086,1.1885233476091848
0.19626433678851748,0.7717717717717718,513.8188321803996,1.1885233476091848
0.19631987294278935,0.7727727727727728,513.9642254922906,1.1885233476091848
0.19637540909706122,0.7737737737737738,514.1096188041814,1.1885233476091848
0.1964309452513331,0.7747747747747747,514.2550121160724,1.1885233476091848
0.19648648140560496,0.7757757757757757,514.4004054279633,1.1885233476091848
0.19654201755987682,0.7767767767767768,514.5457987398543,1.1885233476091848
0.19659755371414872,0.7777777777777778,514.6911920517452,1.1885233476091848
0.19665308986842056,0.7787787787787788,514.8365853636361,1.1885233476091848
0.19670862602269246,0.7797797797797797,514.9819786755272,1.1885233476091848
0.1967641621769643,0.7807807807807807,515.1273719874181,1.1885233476091848
0.1968196983312362,0.7817817817817818,515.2727652993091,1.1885233476091848
0.19687523448550806,0.7827827827827828,515.4181586111999,1.1885233476091848
0.19693077063977993,0.7837837837837838,515.5635519230909,1.1885233476091848
0.1969863067940518,0.7847847847847848,515.7089452349819,1.1885233476091848
0.19704184294832366,0.7857857857857857,515.8543385468728,1.1885233476091848
0.19709737910259553,0.7867867867867868,515.9997318587638,1.1885233476091848
0.1971529152568674,0.7877877877877878,516.1451251706548,1.1885233476091848
0.19720845141113927,0.7887887887887888,516.2905184825456,1.1885233476091848
0.19726398756541114,0.7897897897897898,516.4359117944366,1.1885233476091848
0.197319523719683,0.7907907907907907,516.5813051063275,1.1885233476091848
0.19737505987395487,0.7917917917917918,516.7266984182185,1.1885233476091848
0.19743059602822674,0.7927927927927928,516.8720917301094,1.1885233476091848
0.1974861321824986,0.7937937937937938,517.0174850420003,1.1885233476091848
0.19754166833677048,0.7947947947947948,517.1628783538913,1.1885233476091848
0.19759720449104234,0.7957957957957957,517.3082716657823,1.1885233476091848
0.19765274064531424,0.7967967967967968,517.4536649776733,1.1885233476091848
0.19770827679958608,0.7977977977977978,517.5990582895641,1.1885233476091848
0.19776381295385798,0.7987987987987988,517.7444516014551,1.1885233476091848
0.19781934910812984,0.7997997997997998,517.8898449133461,1.1885233476091848
0.1978748852624017,0.8008008008008007,518.035238225237,1.1885233476091848
0.19793042141667358,0.8018018018018018,518.180631537128,1.1885233476091848
0.19798595757094545,0.8028028028028028,518.326024849019,1.1885233476091848
0.19804149372521732,0.8038038038038038,518.4714181609098,1.1885233476091848
0.19809702987948918,0.8048048048048048,518.6168114728008,1.1885233476091848
0.19815256603376105,0.8058058058058059,518.7622047846917,1.1885233476091848
0.19820810218803292,0.8068068068068068,518.9075980965827,1.1885233476091848
0.1982636383423048,0.8078078078078078,519.0529914084736,1.1885233476091848
0.19831917449657666,0.8088088088088088,519.1983847203645,1.1885233476091848
0.19837471065084852,0.8098098098098098,519.3437780322555,1.1885233476091848
0.1984302468051204,0.8108108108108109,519.4891713441465,1.1885233476091848
0.19848578295939226,0.8118118118118118,519.6345646560374,1.1885233476091848
0.19854131911366413,0.8128128128128128,519.7799579679283,1.1885233476091848
0.19859685526793602,0.8138138138138138,519.9253512798193,1.1885233476091848
0.19865239142220786,0.8148148148148148,520.0707445917102,1.1885233476091848
0.19870792757647976,0.8158158158158159,520.2161379036012,1.1885233476091848
0.1987634637307516,0.8168168168168168,520.361531215492,1.1885233476091848
0.1988189998850235,0.8178178178178178,520.5069245273831,1.1885233476091848
0.19887453603929536,0.8188188188188188,520.652317839274,1.1885233476091848
0.19893007219356723,0.8198198198198198,520.797711151165,1.1885233476091848
0.1989856083478391,0.8208208208208209,520.9431044630559,1.1885233476091848
0.19904114450211097,0.8218218218218218,521.0884977749469,1.1885233476091848
0.19909668065638284,0.8228228228228228,521.2338910868378,1.1885233476091848
0.1991522168106547,0.8238238238238238,521.3792843987287,1.1885233476091848
0.19920775296492657,0.8248248248248248,521.5246777106197,1.1885233476091848
0.19926328911919844,0.8258258258258259,521.6700710225107,1.1885233476091848
0.1993188252734703,0.8268268268268268,521.8154643344016,1.1885233476091848
0.19937436142774217,0.8278278278278278,521.9608576462925,1.1885233476091848
0.19942989758201404,0.8288288288288288,522.1062509581834,1.1885233476091848
0.1994854337362859,0.8298298298298298,522.2516442700744,1.1885233476091848
0.1995409698905578,0.8308308308308309,522.3970375819654,1.1885233476091848
0.19959650604482965,0.8318318318318318,522.5424308938562,1.1885233476091848
0.19965204219910154,0.8328328328328328,522.6878242057472,1.1885233476091848
0.19970757835337338,0.8338338338338338,522.8332175176381,1.1885233476091848
0.19976311450764528,0.8348348348348348,522.9786108295292,1.1885233476091848
0.19981865066191715,0.8358358358358359,523.1240041414201,1.1885233476091848
0.19987418681618901,0.8368368368368369,523.2693974533111,1.1885233476091848
0.19992972297046088,0.8378378378378378,523.414790765202,1.1885233476091848
0.19998525912473275,0.8388388388388388,523.5601840770929,1.1885233476091848
0.20004079527900462,0.8398398398398398,523.7055773889839,1.1885233476091848
0.2000963314332765,0.8408408408408409,523.8509707008748,1.1885233476091848
0.20015186758754835,0.8418418418418419,523.9963640127658,1.1885233476091848
0.20020740374182022,0.8428428428428428,524.1417573246567,1.1885233476091848
0.2002629398960921,0.8438438438438438,524.2871506365476,1.1885233476091848
0.20031847605036396,0.8448448448448448,524.4325439484386,1.1885233476091848
0.20037401220463583,0.8458458458458459,524.5779372603296,1.1885233476091848
0.2004295483589077,0.8468468468468469,524.7233305722204,1.1885233476091848
0.2004850845131796,0.8478478478478478,524.8687238841114,1.1885233476091848
0.20054062066745143,0.8488488488488488,525.0141171960023,1.1885233476091848
0.20059615682172333,0.8498498498498498,525.1595105078934,1.1885233476091848
0.20065169297599517,0.8508508508508509,525.3049038197843,1.1885233476091848
0.20070722913026706,0.8518518518518519,525.4502971316753,1.1885233476091848
0.20076276528453893,0.8528528528528528,525.5956904435662,1.1885233476091848
0.2008183014388108,0.8538538538538538,525.7410837554571,1.1885233476091848
0.20087383759308267,0.8548548548548548,525.8864770673481,1.1885233476091848
0.20092937374735453,0.8558558558558559,526.031870379239,1.1885233476091848
0.2009849099016264,0.8568568568568569,526.17726369113,1.1885233476091848
0.20104044605589827,0.8578578578578578,526.3226570030209,1.1885233476091848
0.20109598221017014,0.8588588588588588,526.4680503149118,1.1885233476091848
0.201151518364442,0.8598598598598598,526.6134436268028,1.1885233476091848
0.20120705451871387,0.8608608608608609,526.7588369386938,1.1885233476091848
0.20126259067298574,0.8618618618618619,526.9042302505846,1.1885233476091848
0.2013181268272576,0.8628628628628628,527.0496235624756,1.1885233476091848
0.20137366298152948,0.8638638638638638,527.1950168743665,1.1885233476091848
0.20142919913580135,0.8648648648648649,527.3404101862575,1.1885233476091848
0.2014847352900732,0.8658658658658659,527.4858034981485,1.1885233476091848
0.2015402714443451,0.8668668668668669,527.6311968100395,1.1885233476091848
0.20159580759861695,0.8678678678678678,527.7765901219303,1.1885233476091848
0.20165134375288885,0.8688688688688688,527.9219834338213,1.1885233476091848
0.2017068799071607,0.8698698698698699,528.0673767457123,1.1885233476091848
0.20176241606143258,0.8708708708708709,528.2127700576032,1.1885233476091848
0.20181795221570445,0.8718718718718719,528.3581633694942,1.1885233476091848
0.20187348836997632,0.8728728728728729,528.5035566813851,1.1885233476091848
0.20192902452424819,0.8738738738738738,528.648949993276,1.1885233476091848
0.20198456067852005,0.8748748748748749,528.794343305167,1.1885233476091848
0.20204009683279192,0.8758758758758759,528.939736617058,1.1885233476091848
0.2020956329870638,0.8768768768768769,529.0851299289488,1.1885233476091848
0.20215116914133566,0.8778778778778779,529.2305232408398,1.1885233476091848
0.20220670529560753,0.8788788788788788,529.3759165527307,1.1885233476091848
0.2022622414498794,0.8798798798798799,529.5213098646217,1.1885233476091848
0.20231777760415126,0.8808808808808809,529.6667031765127,1.1885233476091848
0.20237331375842313,0.8818818818818819,529.8120964884035,1.1885233476091848
0.202428849912695,0.8828828828828829,529.9574898002945,1.1885233476091848
0.2024843860669669,0.8838838838838838,530.1028831121855,1.1885233476091848
0.20253992222123873,0.8848848848848849,530.2482764240764,1.1885233476091848
0.20259545837551063,0.8858858858858859,530.3936697359674,1.1885233476091848
0.20265099452978247,0.8868868868868869,530.5390630478582,1.1885233476091848
0.20270653068405436,0.8878878878878879,530.6844563597493,1.1885233476091848
0.20276206683832623,0.8888888888888888,530.8298496716402,1.1885233476091848
0.2028176029925981,0.8898898898898899,530.9752429835312,1.1885233476091848
0.20287313914686997,0.8908908908908909,531.1206362954222,1.1885233476091848
0.20292867530114184,0.8918918918918919,531.266029607313,1.1885233476091848
0.2029842114554137,0.8928928928928929,531.411422919204,1.1885233476091848
0.20303974760968557,0.8938938938938938,531.5568162310949,1.1885233476091848
0.20309528376395744,0.8948948948948949,531.7022095429859,1.1885233476091848
0.2031508199182293,0.8958958958958959,531.8476028548769,1.1885233476091848
0.20320635607250118,0.8968968968968969,531.9929961667677,1.1885233476091848
0.20326189222677304,0.8978978978978979,532.1383894786587,1.1885233476091848
0.2033174283810449,0.8988988988988988,532.2837827905496,1.1885233476091848
0.20337296453531678,0.8998998998998999,532.4291761024406,1.1885233476091848
0.20342850068958868,0.9009009009009009,532.5745694143316,1.1885233476091848
0.20348403684386052,0.9019019019019019,532.7199627262224,1.1885233476091848
0.2035395729981324,0.9029029029029029,532.8653560381135,1.1885233476091848
0.20359510915240425,0.9039039039039038,533.0107493500044,1.1885233476091848
0.20365064530667615,0.9049049049049049,533.1561426618954,1.1885233476091848
0.20370618146094802,0.9059059059059059,533.3015359737863,1.1885233476091848
0.20376171761521988,0.9069069069069069,533.4469292856772,1.1885233476091848
0.20381725376949175,0.9079079079079079,533.5923225975682,1.1885233476091848
0.20387278992376362,0.9089089089089089,533.7377159094591,1.1885233476091848
0.2039283260780355,0.9099099099099099,533.8831092213501,1.1885233476091848
0.20398386223230736,0.9109109109109109,534.0285025332411,1.1885233476091848
0.20403939838657922,0.9119119119119119,534.1738958451319,1.1885233476091848
0.2040949345408511,0.9129129129129129,534.3192891570229,1.1885233476091848
0.20415047069512296,0.9139139139139139,534.4646824689138,1.1885233476091848
0.20420600684939483,0.914914914914915,534.6100757808048,1.1885233476091848
0.2042615430036667,0.9159159159159159,534.7554690926958,1.1885233476091848
0.20431707915793856,0.9169169169169169,534.9008624045866,1.1885233476091848
0.20437261531221046,0.9179179179179179,535.0462557164777,1.1885233476091848
0.2044281514664823,0.9189189189189189,535.1916490283686,1.1885233476091848
0.2044836876207542,0.91991991991992,535.3370423402596,1.1885233476091848
0.20453922377502604,0.9209209209209209,535.4824356521505,1.1885233476091848
0.20459475992929793,0.9219219219219219,535.6278289640414,1.1885233476091848
0.2046502960835698,0.9229229229229229,535.7732222759324,1.1885233476091848
0.20470583223784167,0.9239239239239239,535.9186155878233,1.1885233476091848
0.20476136839211354,0.924924924924925,536.0640088997143,1.1885233476091848
0.2048169045463854,0.9259259259259259,536.2094022116053,1.1885233476091848
0.20487244070065727,0.9269269269269269,536.3547955234961,1.1885233476091848
0.20492797685492914,0.9279279279279279,536.5001888353871,1.1885233476091848
0.204983513009201,0.9289289289289289,536.645582147278,1.1885233476091848
0.20503904916347288,0.92992992992993,536.790975459169,1.1885233476091848
0.20509458531774474,0.9309309309309309,536.93636877106,1.1885233476091848
0.2051501214720166,0.9319319319319319,537.0817620829508,1.1885233476091848
0.20520565762628848,0.9329329329329329,537.2271553948418,1.1885233476091848
0.20526119378056035,0.933933933933934,537.3725487067328,1.1885233476091848
0.20531672993483222,0.934934934934935,537.5179420186237,1.1885233476091848
0.20537226608910408,0.9359359359359359,537.6633353305147,1.1885233476091848
0.20542780224337598,0.9369369369369369,537.8087286424056,1.1885233476091848
0.20548333839764782,0.9379379379379379,537.9541219542965,1.1885233476091848
0.20553887455191971,0.938938938938939,538.0995152661875,1.1885233476091848
0.20559441070619158,0.93993993993994,538.2449085780785,1.1885233476091848
0.20564994686046345,0.9409409409409409,538.3903018899695,1.1885233476091848
0.20570548301473532,0.9419419419419419,538.5356952018603,1.1885233476091848
0.2057610191690072,0.9429429429429429,538.6810885137513,1.1885233476091848
0.20581655532327905,0.943943943943944,538.8264818256422,1.1885233476091848
0.20587209147755092,0.944944944944945,538.9718751375332,1.1885233476091848
0.2059276276318228,0.9459459459459459,539.1172684494242,1.1885233476091848
0.20598316378609466,0.9469469469469469,539.262661761315,1.1885233476091848
0.20603869994036653,0.9479479479479479,539.408055073206,1.1885233476091848
0.2060942360946384,0.948948948948949,539.553448385097,1.1885233476091848
0.20614977224891026,0.94994994994995,539.6988416969879,1.1885233476091848
0.20620530840318213,0.950950950950951,539.8442350088789,1.1885233476091848
0.206260844557454,0.9519519519519519,539.9896283207697,1.1885233476091848
0.20631638071172587,0.9529529529529529,540.1350216326607,1.1885233476091848
0.20637191686599776,0.953953953953954,540.2804149445517,1.1885233476091848
0.2064274530202696,0.954954954954955,540.4258082564426,1.1885233476091848
0.2064829891745415,0.955955955955956,540.5712015683337,1.1885233476091848
0.20653852532881334,0.9569569569569569,540.7165948802244,1.1885233476091848
0.20659406148308523,0.9579579579579579,540.8619881921155,1.1885233476091848
0.2066495976373571,0.958958958958959,541.0073815040064,1.1885233476091848
0.20670513379162897,0.95995995995996,541.1527748158974,1.1885233476091848
0.20676066994590084,0.960960960960961,541.2981681277884,1.1885233476091848
0.2068162061001727,0.9619619619619619,541.4435614396792,1.1885233476091848
0.20687174225444457,0.9629629629629629,541.5889547515702,1.1885233476091848
0.20692727840871644,0.963963963963964,541.7343480634611,1.1885233476091848
0.2069828145629883,0.964964964964965,541.8797413753521,1.1885233476091848
0.20703835071726018,0.965965965965966,542.025134687243,1.1885233476091848
0.20709388687153205,0.9669669669669669,542.1705279991339,1.1885233476091848
0.2071494230258039,0.9679679679679679,542.3159213110249,1.1885233476091848
0.20720495918007578,0.968968968968969,542.4613146229159,1.1885233476091848
0.20726049533434765,0.96996996996997,542.6067079348068,1.1885233476091848
0.20731603148861955,0.970970970970971,542.7521012466977,1.1885233476091848
0.20737156764289139,0.9719719719719719,542.8974945585886,1.1885233476091848
0.20742710379716328,0.9729729729729729,543.0428878704797,1.1885233476091848
0.20748263995143512,0.973973973973974,543.1882811823706,1.1885233476091848
0.20753817610570702,0.974974974974975,543.3336744942616,1.1885233476091848
0.20759371225997889,0.975975975975976,543.4790678061526,1.1885233476091848
0.20764924841425075,0.9769769769769769,543.6244611180434,1.1885233476091848
0.20770478456852262,0.9779779779779779,543.7698544299344,1.1885233476091848
0.2077603207227945,0.978978978978979,543.9152477418253,1.1885233476091848
0.20781585687706636,0.97997997997998,544.0606410537163,1.1885233476091848
0.20787139303133823,0.980980980980981,544.2060343656073,1.1885233476091848
0.2079269291856101,0.9819819819819819,544.3514276774981,1.1885233476091848
0.20798246533988196,0.9829829829829829,544.4968209893891,1.1885233476091848
0.20803800149415383,0.983983983983984,544.6422143012801,1.1885233476091848
0.2080935376484257,0.984984984984985,544.787607613171,1.1885233476091848
0.20814907380269757,0.985985985985986,544.933000925062,1.1885233476091848
0.20820460995696943,0.986986986986987,545.0783942369528,1.1885233476091848
0.20826014611124133,0.9879879879879879,545.2237875488439,1.1885233476091848
0.20831568226551317,0.988988988988989,545.3691808607348,1.1885233476091848
0.20837121841978506,0.98998998998999,545.5145741726258,1.1885233476091848
0.2084267545740569,0.990990990990991,545.6599674845166,1.1885233476091848
0.2084822907283288,0.991991991991992,545.8053607964076,1.1885233476091848
0.20853782688260067,0.992992992992993,545.9507541082986,1.1885233476091848
0.20859336303687254,0.993993993993994,546.0961474201895,1.1885233476091848
0.2086488991911444,0.994994994994995,546.2415407320805,1.1885233476091848
0.20870443534541627,0.995995995995996,546.3869340439715,1.1885233476091848
0.20875997149968814,0.996996996996997,546.5323273558623,1.1885233476091848
0.20881550765396,0.997997997997998,546.6777206677533,1.1885233476091848
0.20887104380823188,0.998998998998999,546.8231139796443,1.1885233476091848
0.20892657996250374,1.0,546.9685072915352,1.1885233476091848
